{"early_morning":{"Sunday":{"total":{"count":2794},"visibility":{"count":2725,"sum":24655.45},"severity":{"count":2794,"sum":6313},"wind_speed":{"count":1385,"sum":9188.8},"precipitation":{"count":161,"sum":7.309999999999986}},"Monday":{"total":{"count":2802},"visibility":{"count":2733,"sum":23747.86},"severity":{"count":2802,"sum":6236},"wind_speed":{"count":1570,"sum":11289.499999999998},"precipitation":{"count":396,"sum":48.47999999999996}},"Tuesday":{"total":{"count":2271},"visibility":{"count":2233,"sum":20251.43},"severity":{"count":2271,"sum":5073},"wind_speed":{"count":1100,"sum":6928.799999999997},"precipitation":{"count":56,"sum":2.4099999999999997}},"Wednesday":{"total":{"count":2565},"visibility":{"count":2501,"sum":20780.55},"severity":{"count":2565,"sum":5684},"wind_speed":{"count":1475,"sum":10192.599999999997},"precipitation":{"count":422,"sum":31.05000000000001}},"Thursday":{"total":{"count":2628},"visibility":{"count":2554,"sum":20234.1},"severity":{"count":2628,"sum":5824},"wind_speed":{"count":1532,"sum":11825.2},"precipitation":{"count":422,"sum":61.129999999999974}},"Friday":{"total":{"count":2543},"visibility":{"count":2494,"sum":22482.6},"severity":{"count":2543,"sum":5618},"wind_speed":{"count":1309,"sum":8067.6},"precipitation":{"count":23,"sum":0.8900000000000001}},"Saturday":{"total":{"count":2732},"visibility":{"count":2665,"sum":24305.7},"severity":{"count":2732,"sum":6091},"wind_speed":{"count":1372,"sum":8616.099999999999},"precipitation":{"count":176,"sum":13.749999999999973}}},"morning":{"Sunday":{"total":{"count":3832},"visibility":{"count":3730,"sum":32647.35},"severity":{"count":3832,"sum":8718},"wind_speed":{"count":2483,"sum":18466.699999999997},"precipitation":{"count":360,"sum":22.610000000000007}},"Monday":{"total":{"count":8066},"visibility":{"count":7793,"sum":69437.24000000002},"severity":{"count":8066,"sum":17388},"wind_speed":{"count":4770,"sum":32522.300000000017},"precipitation":{"count":477,"sum":36.28999999999994}},"Tuesday":{"total":{"count":9958},"visibility":{"count":9735,"sum":87654.93},"severity":{"count":9958,"sum":21417},"wind_speed":{"count":5533,"sum":35393.40000000001},"precipitation":{"count":158,"sum":4.769999999999985}},"Wednesday":{"total":{"count":10094},"visibility":{"count":9831,"sum":81389.13999999998},"severity":{"count":10094,"sum":21776},"wind_speed":{"count":6123,"sum":42885.6},"precipitation":{"count":949,"sum":69.35000000000032}},"Thursday":{"total":{"count":8923},"visibility":{"count":8678,"sum":74275.11000000002},"severity":{"count":8923,"sum":19300},"wind_speed":{"count":5345,"sum":36915.50000000002},"precipitation":{"count":432,"sum":37.04000000000005}},"Friday":{"total":{"count":7755},"visibility":{"count":7561,"sum":68018.78},"severity":{"count":7755,"sum":16865},"wind_speed":{"count":4388,"sum":28603.20000000001},"precipitation":{"count":96,"sum":2.559999999999998}},"Saturday":{"total":{"count":4466},"visibility":{"count":4364,"sum":39747.95999999999},"severity":{"count":4466,"sum":10165},"wind_speed":{"count":2678,"sum":18821.500000000004},"precipitation":{"count":160,"sum":9.329999999999984}}},"afternoon":{"Sunday":{"total":{"count":5468},"visibility":{"count":5300,"sum":49031.45},"severity":{"count":5468,"sum":11908},"wind_speed":{"count":4724,"sum":44150.700000000004},"precipitation":{"count":426,"sum":31.430000000000017}},"Monday":{"total":{"count":9218},"visibility":{"count":8968,"sum":85647.25},"severity":{"count":9218,"sum":19922},"wind_speed":{"count":7871,"sum":70909.10000000002},"precipitation":{"count":313,"sum":45.41999999999994}},"Tuesday":{"total":{"count":10838},"visibility":{"count":10578,"sum":101139.95},"severity":{"count":10838,"sum":23453},"wind_speed":{"count":9287,"sum":84620.40000000002},"precipitation":{"count":175,"sum":9.289999999999988}},"Wednesday":{"total":{"count":10287},"visibility":{"count":10037,"sum":92944.9},"severity":{"count":10287,"sum":22146},"wind_speed":{"count":9027,"sum":82867.50000000001},"precipitation":{"count":466,"sum":24.090000000000092}},"Thursday":{"total":{"count":10728},"visibility":{"count":10496,"sum":99719.45},"severity":{"count":10728,"sum":23256},"wind_speed":{"count":9279,"sum":88194.90000000001},"precipitation":{"count":266,"sum":20.990000000000055}},"Friday":{"total":{"count":11630},"visibility":{"count":11348,"sum":108903.3},"severity":{"count":11630,"sum":24978},"wind_speed":{"count":10064,"sum":89153.90000000004},"precipitation":{"count":283,"sum":12.849999999999946}},"Saturday":{"total":{"count":6255},"visibility":{"count":6068,"sum":57505.899999999994},"severity":{"count":6255,"sum":13621},"wind_speed":{"count":5191,"sum":46396.6},"precipitation":{"count":313,"sum":21.679999999999964}}},"evening":{"Sunday":{"total":{"count":3983},"visibility":{"count":3884,"sum":35606.85},"severity":{"count":3983,"sum":8759},"wind_speed":{"count":2732,"sum":20745.899999999998},"precipitation":{"count":341,"sum":43.74}},"Monday":{"total":{"count":4051},"visibility":{"count":3954,"sum":37395.5},"severity":{"count":4051,"sum":8840},"wind_speed":{"count":2769,"sum":21036.799999999996},"precipitation":{"count":123,"sum":5.809999999999988}},"Tuesday":{"total":{"count":5048},"visibility":{"count":4902,"sum":46085.729999999996},"severity":{"count":5048,"sum":11015},"wind_speed":{"count":3569,"sum":27523.299999999996},"precipitation":{"count":140,"sum":10.249999999999979}},"Wednesday":{"total":{"count":4887},"visibility":{"count":4765,"sum":42621.7},"severity":{"count":4887,"sum":10583},"wind_speed":{"count":3564,"sum":28870.399999999998},"precipitation":{"count":433,"sum":51.579999999999984}},"Thursday":{"total":{"count":4923},"visibility":{"count":4832,"sum":45863.4},"severity":{"count":4923,"sum":10626},"wind_speed":{"count":3413,"sum":27286.399999999998},"precipitation":{"count":35,"sum":1.3500000000000005}},"Friday":{"total":{"count":5893},"visibility":{"count":5759,"sum":54346},"severity":{"count":5893,"sum":12735},"wind_speed":{"count":3992,"sum":29349.1},"precipitation":{"count":172,"sum":11.339999999999991}},"Saturday":{"total":{"count":3888},"visibility":{"count":3770,"sum":36132.6},"severity":{"count":3888,"sum":8521},"wind_speed":{"count":2471,"sum":18470.6},"precipitation":{"count":120,"sum":8.439999999999992}}}}